periodo,tasa_pasiva_promedio,ipc,vf_nominal_promedio,vf_real_promedio
2018-01-31,1.3900000000000001,88.594648523903,1001.1470365512758,1001.1470365512758
2018-02-28,1.4700000000000002,88.8163305147703,1002.3616498449992,999.8597954583252
2018-03-31,1.3872727272727272,89.2489764935573,1003.5103693720114,996.153143235467
2018-04-30,1.3154545454545454,89.1266401691656,1004.6021750302924,998.6057640479604
2018-05-31,1.2745454545454544,89.1430886514034,1005.6621511150071,999.4749582913809
2018-06-30,1.278181818181818,89.440878461853,1006.7264348571789,997.2014607832137
2018-07-31,1.3054545454545454,89.7832456102935,1007.8155535634701,994.4735695168692
2018-08-31,1.4045454545454545,89.9015505324364,1008.9885705969947,994.320868185959
2018-09-30,1.3809090909090909,90.0738752726222,1010.1439982605533,993.5550370577333
2018-10-31,1.4236363636363636,90.1474507938922,1011.3369757786891,993.9165569217694
2018-11-30,1.3772727272727272,90.2578255325897,1012.4933707517528,993.8361996339531
2018-12-31,1.46,90.4218937443323,1013.7203827146385,993.2351257988247
2019-01-31,1.528181818181818,90.4809684380851,1015.0064678176608,993.8459194026841
2019-02-28,1.4418181818181817,90.595663429072,1016.2230538626959,993.777415729612
2019-03-31,1.4636363636363638,91.2547942250017,1017.4595590421504,987.7998497083671
2019-04-30,1.51,91.4373773077339,1018.7374195009484,987.0655335517873
2019-05-31,1.5372727272727273,91.5723515157514,1020.0405323581318,986.8713749134093
2019-06-30,1.3790909090909091,91.493350335306,1021.2131466156696,988.8589658246631
2019-07-31,1.3472727272727274,91.6793898976101,1022.360903769324,987.9614713315649
2019-08-31,1.4063636363636365,91.7352934900762,1023.561041829818,988.5184566775552
2019-09-30,1.4727272727272727,91.7411489525572,1024.8191583305356,989.6703297209482
2019-10-31,1.3554545454545455,91.8427297350918,1025.9809518642758,989.6964308967476
2019-11-30,1.4118181818181819,91.9427558656052,1027.1930208751585,989.7876542189265
2019-12-31,1.4472727272727273,92.1399925330876,1028.4367581211402,988.8647764116705
2020-01-31,1.3245454545454545,92.1895712817569,1029.5789870782123,989.4306614032447
2020-02-29,1.3490909090909091,92.3206390707161,1030.744371923155,989.1443155909551
2020-03-31,1.3754545454545455,92.9170303880033,1031.9347117066752,983.93042375009
2020-04-30,1.511818181818182,93.0142055130683,1033.2432026649433,984.1487961422342
2020-05-31,1.419090909090909,93.204097335048,1034.475483582192,983.3150526108434
2020-06-30,1.389090909090909,92.9560841633195,1035.6832865822723,987.089737941479
2020-07-31,1.3918181818181816,93.3861811793687,1036.895370137846,983.6935156067783
2020-08-31,1.268181818181818,93.2832332195989,1038.0037460933454,985.8317928919446
2020-09-30,1.2445454545454544,93.4104286127018,1039.093502876249,985.5229768025551
2020-10-31,1.2236363636363636,93.4260987274024,1040.1672118514377,986.3758606569882
2020-11-30,1.1336363636363638,93.9123624949692,1041.1651278790405,982.2099679872222
2020-12-31,1.1381818181818182,93.9581285619732,1042.1681810993962,982.6773385167697
2021-01-31,1.1563636363636365,94.6561451002628,1043.18867337134,976.3859891352571
2021-02-28,1.1127272727272728,94.5375735473133,1044.1727587467349,978.5328212713597
2021-03-31,0.9818181818181819,95.3311869507106,1045.0411532909613,971.1937575758552
2021-04-30,1.12,95.2313830125361,1046.0348756758276,973.1360526607622
2021-05-31,1.0563636363636364,95.4852294275117,1046.974285573282,971.4205998148226
2021-06-30,0.9800000000000001,95.9814390796482,1047.849470189013,967.2063308023266
2021-07-31,0.9518181818181819,96.948489573628,1048.7012778373867,958.3369635275317
2021-08-31,0.9663636363636363,97.9033694822447,1049.5664957740617,949.7729780631403
2021-09-30,0.9372727272727274,98.2953966184284,1050.4086877238935,946.7441171899759
2021-10-31,0.920909090909091,98.8691125131803,1051.2381229337257,941.9936080019452
2021-11-30,0.88,99.2232454403164,1052.0330625761976,939.3413710754579
2021-12-31,0.9027272727272727,100.0,1052.848908780996,932.7677902222716
2022-01-31,0.8936363636363637,100.037268,1053.6580311057457,933.1368678541003
2022-02-28,0.9445454545454546,100.34884,1054.5122746428374,930.9937647124137
2022-03-31,0.9372727272727274,101.836672,1055.3628106231756,918.1319011716984
2022-04-30,0.9954545454545454,102.816232,1056.265754717524,910.1626413136223
2022-05-31,1.08,103.211072,1057.247505697984,907.5234793616524
2022-06-30,1.0527272727272727,104.439931,1058.2076497133373,897.6598691132666
2022-07-31,1.011818181818182,105.422597,1059.1334464768697,890.0706120010334
2022-08-31,1.02,106.125283,1060.0582380972573,884.9492257099035
2022-09-30,1.1081818181818182,106.679849,1061.0744863739399,881.1928593747831
2022-10-31,1.1290909090909091,107.050724,1062.1114042616953,878.9981332007989
2022-11-30,1.160909090909091,107.604861,1063.1783959393713,875.3500114316917
2022-12-31,1.208181818181818,108.459162,1064.289950077176,869.3631069601078
2023-01-31,1.3509090909090908,108.704764,1065.5281901213316,868.408080956874
2023-02-28,1.330909090909091,109.024924,1066.7522018873215,866.8525775657213
2023-03-31,1.43,110.391537,1068.0642649533127,857.1742067010041
2023-04-30,1.5927272727272728,111.005592,1069.5187043985843,853.5933370449725
2023-05-31,1.7963636363636366,111.358436,1071.1540392584973,852.1897310327308
2023-06-30,1.7245454545454544,111.188314,1072.7337259415715,854.7523025623934
2023-07-31,1.742727272727273,111.623134,1074.3334377092299,852.6923577627346
2023-08-31,1.9472727272727275,112.042985,1076.1075086663434,850.8999158155918
2023-09-30,1.731818181818182,112.061363,1077.7039338634565,852.0224872997533
2023-10-31,1.6890909090909092,111.700024,1079.2704026858123,856.0211409462258
2023-11-30,1.5781818181818181,111.517885,1080.7415777937242,858.588021372566
2023-12-31,1.6081818181818184,111.9704,1082.2412674494124,856.304744001486
2024-01-31,1.6654545454545455,111.991911,1083.7909306303627,857.3661768535294
2024-02-29,1.7309090909090907,112.616278,1085.398814419081,853.877682511577
2024-03-31,1.5763636363636364,113.75301,1086.8739463095799,846.4937786093279
2024-04-30,1.5936363636363637,113.694232,1088.3663160206995,848.0943099480105
2024-05-31,1.6754545454545455,113.591104,1089.9380978936806,850.0901857217799
2024-06-30,1.6154545454545455,113.729392,1091.4596135844552,850.2417813290499
2024-07-31,1.6118181818181818,113.998099,1092.9785072404152,849.4180827800011
2024-08-31,1.6481818181818182,114.322048,1094.5334205129468,848.2161174020417
2024-09-30,1.59,114.050464,1096.049195016516,851.4133988739849
2024-10-31,1.5,113.944279,1097.4886826194643,853.3260726116206
2024-11-30,1.4472727272727273,114.051561,1098.877165407452,853.6019620127428
2024-12-31,1.3963636363636365,114.172077,1100.2205315082676,853.7433481897392
2025-01-31,1.3736363636363635,114.065534,1101.5406895920512,855.5661540074457
2025-02-28,1.4654545454545456,114.279991,1102.947725339215,855.051397988525
2025-03-31,1.4736363636363636,115.205841,1104.367497241684,849.2716116655007
2025-04-30,1.4536363636363636,115.572272,1105.771707312064,847.6553593840265
2025-05-31,1.5136363636363634,115.507003,1107.2374877056673,849.2586034439227
2025-06-30,1.5363636363636362,115.655637,1108.7221630514914,849.3044774480672
2025-07-31,1.5863636363636362,115.9233,1110.258317933915,848.5174718809329
2025-08-31,1.591818181818182,115.586828,1111.7973972577313,852.1671659666866
2025-09-30,1.36,115.599718,1113.1299470871706,853.0933996190081
2025-10-31,1.3963636363636363,115.484549,1114.5064485495036,855.0001531968286
2025-11-30,1.4554545454545456,115.612485,1115.9451601799776,855.1565104590197
2025-12-31,1.4045454545454545,115.894705,1117.3426176170215,854.1423569658145
2026-01-31,1.4345454545454546,116.005694,1118.7707402854542,854.4158230234508
2026-02-28,1.5481818181818183,116.81034,1120.296446991257,849.6873646953493
2026-03-31,1.541818181818182,119.5889,1121.8215601616569,831.0753492093205
2026-04-30,1.5372727272727273,120.211509,1123.3477091903687,827.8957338922709
2026-05-31,1.399090909090909,120.017612,1124.7473470441616,830.2664436413702
2026-06-30,1.3454545454545455,120.292167,1126.1039487417765,829.3705735649186
2026-07-31,1.389090909090909,120.635759,1127.5009902805496,828.0343637101654
2026-08-31,1.4672727272727273,120.716351,1128.9642507040658,828.5554538272798
