entidad,tasa_pasiva,ipc,vf_nominal,vf_real,brecha_nominal_real
GNB,4.12,120.716351,1394.6596206979966,1023.5513075293244,371.1083131686722
Pichincha,1.99,120.716351,1222.2696788837627,897.0330175249477,325.236661358815
Falabella,2.74,120.716351,1213.9613004070638,890.9354353428397,323.02586506422415
BIF,1.58,120.716351,1146.365869129756,841.3266339979853,305.03923513177074
Scotiabank,1.49,120.716351,1140.0287240643563,836.6757550154516,303.3529690489047
Bancom,1.23,120.716351,1118.514574266069,820.8863567783405,297.62821748772853
Alfin,1.89,120.716351,1087.4376069193415,798.0787339794031,289.35887293993846
BBVA,0.84,120.716351,1029.7144506729612,755.7152703974199,273.99918027554133
Ripley,0.16,120.716351,1029.4097699249262,755.4916628781357,273.9181070467905
Citibank,0.01,120.716351,1019.3146357639788,748.0827671040182,271.2318686599606
Interbank,0.09,120.716351,1016.9305270145114,746.3330515522134,270.597475462298
